1090.765625,8893.521484,2243.943604,-12878.230469,489.352600,442.656250,-461.485596,360.242432,229.352585,-191.432114,-441.149261,262.793091,1844.879883,164.745117,-4799.259766,-257.206909,-167.083511,-748.354675,-547.875061,7435.647461,259.999207,461.884735,485.150330,185.423080,-253.977936,426.105164,-0.000350,242.822327,256.930389,-229.301071,-93.780281,210.648788,219.523346,-0.000031,220.892593,0.000000,0.000000,524.590210,-255.409775,-98.703712,-936.706055,-878.703735,-139.208450,-0.000116,0.000000
1006.938416,8222.130859,2071.509521,-11900.578125,451.727722,408.625305,-425.996765,332.582184,211.727737,-176.698685,-407.192413,238.091156,1702.990356,152.112442,-4425.648438,-241.908844,-45.728104,-676.180725,-526.238403,6856.102539,239.789230,426.394012,447.943634,171.175171,-234.386353,393.362579,-0.000175,224.233856,237.177689,-211.607071,-86.470116,194.423492,202.598328,-0.000068,203.861069,0.000000,0.000000,484.244110,-235.755890,-91.108795,-864.647095,-811.108765,-140.068115,-0.000215,0.000000
536.520874,4386.792969,1102.128418,-6325.442383,235.514893,215.025726,-229.173935,195.154205,115.514900,-87.487114,-184.854233,106.443565,1180.580322,76.953873,-2528.582764,-133.556427,-68.459755,-305.096680,-251.776489,3707.057373,127.959312,240.489471,241.002975,91.462013,-57.213966,192.857346,0.000001,82.740669,110.329353,-112.972015,-65.103577,97.770134,103.722427,0.000120,107.581146,0.000000,0.000000,242.881958,-117.118042,-45.301495,-431.816559,-405.301483,-56.683266,0.000000,0.000000
517.489624,4288.441406,1064.296509,-6170.227539,230.438309,209.383026,-219.339264,177.007538,110.438316,-85.955345,-198.443741,163.049408,819.492676,73.288589,-2217.565674,-76.950600,-132.872833,-474.304474,-290.999573,3574.793701,122.648239,223.444794,233.436951,88.075470,-96.621552,197.073593,0.000118,108.111839,116.315102,-103.660965,-50.995026,96.056419,97.389244,0.000136,102.479408,0.000000,0.000000,244.220428,-115.779572,-44.855320,-430.924255,-404.855316,-81.873260,0.000126,0.000000
809.889282,6102.895996,1657.109131,-8919.894531,302.295074,281.674561,-354.685120,440.604736,162.295074,-130.753845,-101.384987,99.403610,3331.656738,156.678284,-5002.384277,-180.596390,-105.302063,-355.294342,-325.566284,5231.625000,195.704727,475.017242,334.026398,143.380417,-429.235352,47.127426,740.114380,-114.844597,146.427002,-226.967255,-174.070877,162.871811,194.533066,-1307.289307,200.193329,740.114380,-1307.289307,256.108459,-163.891525,-61.775360,-522.116150,-481.775360,-59.735775,2419.454102,2419.454102
868.412598,6982.539551,1754.172241,-10055.124023,396.161133,370.592224,-409.018341,330.677582,216.161148,-184.760910,-485.969360,171.372208,-1372.456421,116.392570,-768.152893,-188.627792,-107.537582,-441.090210,-387.447052,5951.206055,193.886673,417.081848,341.394165,136.677826,-613.677612,181.466751,729.970337,260.933716,233.106888,-124.185516,-32.023117,173.534927,121.955879,3515.730957,175.213608,729.970337,3515.730957,311.916382,-228.083603,-84.981491,-683.102112,-624.981506,-80.090530,-3416.144043,-3416.144043
884.308899,6975.824219,1815.138916,-10175.272461,387.153351,352.402649,-379.637878,324.390747,187.153351,-156.715469,-299.815887,173.989990,2581.872803,144.614273,-4876.716309,-226.010010,-108.483955,-517.526062,-410.804138,5851.874512,213.145660,399.153442,385.648407,150.699127,-103.483521,313.503845,13.523891,97.032913,180.167175,-214.940948,-112.733315,169.321442,200.247665,-1055.235962,186.308411,13.523891,-1055.235962,396.087341,-203.912643,-73.457565,-730.455078,-689.068542,-97.679832,1401.373291,1401.373291
868.052185,6932.700195,1779.696289,-10030.449219,370.600800,341.882141,-375.426270,350.995483,190.600784,-140.068909,-223.845322,149.320160,2802.926758,143.783752,-4859.702148,-210.679840,-112.188454,-458.491394,-389.031219,5884.057129,209.612137,416.094055,388.806702,149.369278,142.447906,278.357666,-103.716026,-6.679676,146.317337,-213.940338,-155.361725,146.406143,186.492477,-978.662720,179.549561,-103.716026,-978.662720,356.397156,-183.602829,-70.580963,-653.021851,-610.580994,-83.157242,2131.891602,2131.891602
799.192505,6201.882324,1632.820557,-8983.895508,309.669739,289.979034,-353.140900,412.684631,169.669739,-130.163132,-86.896156,99.749222,3371.749756,153.903519,-5038.857422,-180.250778,-102.315193,-357.935577,-321.080750,5092.054688,190.909882,452.843079,336.908630,139.927979,-305.054138,105.954155,714.627686,-134.224533,120.469315,-225.556366,-180.204422,145.439758,190.594711,-1482.124023,188.208801,714.627686,-1482.124023,256.708069,-163.291946,-61.582081,-521.709839,-481.582092,-61.234440,2643.554688,2643.554688
1008.974304,8164.324707,2075.355713,-11848.654297,448.733093,405.312225,-427.322571,342.251526,208.733109,-178.693146,-409.736328,219.651871,1771.528809,154.718338,-4482.117188,-260.348145,-123.370430,-616.977722,-485.796204,6838.041504,240.486649,433.553650,443.454163,171.025345,-295.973083,383.123566,-0.000096,225.135529,240.683884,-214.848877,-83.520027,198.222748,206.523651,-0.000093,206.944443,0.000000,0.000000,482.474823,-237.525192,-91.696892,-865.828308,-811.696899,-117.574211,-0.000145,0.000000
950.076233,7744.647461,1953.111938,-11197.835938,422.009857,383.357910,-403.863708,328.572174,202.009857,-161.505753,-357.430298,198.495590,1881.430298,140.124969,-4357.252930,-241.504410,-118.858994,-562.645447,-452.840942,6515.097656,226.708786,413.232452,424.325195,161.690506,-165.895676,357.700195,-0.000068,180.185898,210.083008,-200.584061,-98.036240,178.931168,188.597382,0.000006,191.595123,0.000000,0.000000,444.303833,-215.696182,-83.378876,-792.317322,-743.378845,-106.018059,-0.000011,0.000000
524.495605,4368.155762,1078.477905,-6271.129395,232.735886,211.934830,-222.616943,182.441833,112.735886,-84.741104,-195.859024,227.087585,802.512512,71.675285,-2260.745605,-404.040924,-144.537048,-499.503876,-299.567017,3644.466064,124.122726,228.688934,237.857758,89.314308,-85.870735,197.001343,0.000002,105.654099,115.128380,-103.257729,-54.997326,95.584435,95.988365,0.000041,102.971527,0.000000,0.000000,245.270844,-114.729149,-44.504509,-430.224640,-404.504517,-84.970016,0.000255,0.000000
801.391235,6740.578613,1651.580444,-9643.550781,331.983765,298.940002,-335.033661,325.501129,151.983765,-124.605003,-334.522675,172.273605,-1137.984009,111.192818,-880.036011,-187.726395,-102.536003,-445.190399,-380.380402,5724.126465,186.071976,380.197449,352.119812,134.229462,-469.055939,239.216751,485.537781,240.353424,211.587067,-119.746361,-44.506268,155.798874,115.482330,3181.515625,159.167862,485.537781,3181.515625,370.051453,-169.948547,-66.038940,-643.909607,-606.038940,-82.155594,-2843.503174,-2843.503174
534.019653,4364.891113,1097.099243,-6296.009766,234.797867,214.227768,-227.958984,192.953018,114.797859,-87.552612,-186.246140,106.693657,1159.932861,76.829453,-2508.184082,-133.306335,-67.968300,-305.338043,-251.127533,3686.392334,127.371193,238.404556,239.721939,91.013771,-61.865993,193.223358,0.000118,84.922218,110.889160,-112.447151,-63.539291,97.738113,103.581764,0.000089,107.135605,0.000000,0.000000,242.824402,-117.175606,-45.320663,-431.854950,-405.320679,-56.840771,416.009308,0.000000
503.990265,4079.258789,1036.678345,-5919.927734,224.391022,202.683167,-213.420242,170.336334,104.391022,-89.312492,-204.881073,109.855797,883.266357,77.302269,-2238.469238,-130.144196,-61.622295,-308.521912,-242.816101,3416.297119,120.145554,216.127640,221.680801,85.449699,-145.537216,192.074066,39.927120,112.624771,120.223076,-107.326805,-41.695518,98.949364,103.172958,0.000069,103.303795,0.000000,0.000000,241.267746,-118.732254,-45.838367,-432.893890,-405.838379,-58.806187,0.000001,0.000000
927.330139,7777.150391,1907.876465,-11162.356445,415.397186,376.027313,-392.127472,308.033142,195.397186,-161.303131,-371.754944,202.239670,1553.617432,139.198181,-4031.875732,-237.760330,-111.176369,-566.583984,-442.819641,6185.017578,216.956650,393.767059,414.292267,157.689621,-209.324295,361.124512,-0.000021,205.548172,216.989929,-193.284424,-79.689392,177.720169,184.916245,-0.000141,186.475769,0.000000,0.000000,444.482544,-215.517456,-83.319405,-792.198059,-743.319397,-108.356728,-0.000166,0.000000
750.089050,6182.208008,1547.212402,-8829.509766,264.768188,239.760269,-311.710663,417.271240,124.768196,-97.488617,-245.312073,127.445786,-144.351181,98.921631,-1432.175659,-152.554214,-100.197739,-332.356476,-324.808685,5334.394531,173.005112,441.075104,312.114594,132.312119,-631.197632,-2.174291,785.114441,186.133377,210.400314,-113.426796,-58.733334,177.215149,105.860329,2595.186035,182.246719,785.114441,2595.186035,287.329163,-132.670853,-51.527264,-501.143585,-471.527252,-55.389053,-1767.394653,-1767.394653
882.035156,6690.124512,1807.240356,-9979.400391,469.098969,427.902893,-382.965363,127.998634,229.098984,-214.552521,-475.253632,220.341629,2490.858398,170.569977,-5365.164063,-259.658356,-96.291534,-643.366821,-448.477264,5424.227539,217.419769,286.902466,385.130219,152.242355,302.179993,445.439667,-932.718567,198.401779,223.139542,-245.422211,-53.194275,187.588242,242.234482,-2399.774170,191.590195,-932.718567,-2399.774170,626.807983,-348.841400,-127.344299,-941.497070,-847.344299,-127.814270,1296.243530,1296.243530
779.829407,6167.361816,1598.788574,-8895.979492,294.498016,272.915588,-337.312897,409.728668,154.498032,-112.074287,-154.820969,109.484673,2453.367188,125.321640,-4065.938965,-170.515320,-104.224205,-346.291107,-326.461884,5305.582520,185.317413,444.529755,331.099884,135.845993,-428.429657,80.309349,852.378723,-18.399071,151.656860,-182.890076,-142.404663,152.217300,155.957886,-240.677017,179.970505,852.378723,-240.677017,274.308868,-145.691132,-55.848949,-509.842194,-475.848938,-57.762337,1386.858765,1386.858765
505.075958,4078.714600,1035.951172,-5919.741699,231.766708,210.858017,-217.862198,160.313416,111.766716,-94.489601,-219.205612,109.854706,874.379211,76.795212,-2238.939697,-130.145294,-61.614948,-308.530334,-242.805496,3415.912354,119.996628,211.575089,221.451920,85.061951,-123.987701,195.875916,0.000006,112.119324,119.066330,-106.923134,-41.938328,97.776001,102.709579,0.000055,102.219803,0.000000,0.000000,236.579010,-123.420990,-47.390392,-436.030609,-407.390381,-58.809456,0.000255,0.000000
830.208618,6820.624023,1712.843262,-9813.675781,313.524902,278.660583,-344.496735,402.519897,133.524902,-128.350204,-366.300690,172.713638,-1715.415771,119.354362,-318.166138,-187.286362,-103.954155,-443.332214,-382.539001,5797.912109,190.172867,441.710022,337.387695,139.248779,-707.357849,137.992523,963.595215,285.180420,251.482407,-124.895271,-15.988210,185.418274,124.285652,3805.817627,185.858017,963.595215,3805.817627,366.836365,-173.163635,-67.114174,-646.049438,-607.114197,-81.415154,-4018.980225,-4018.980225
934.101685,7088.315918,1848.804810,-10371.222656,341.607269,302.252106,-484.138672,165.139618,141.607254,-165.675339,-377.100983,179.981110,1707.197510,132.771790,-3998.989990,-220.018890,-109.048477,-510.970398,-412.983795,5965.479980,209.851898,364.095947,359.038300,141.531876,-280.600494,309.835907,0.000012,177.760422,201.441803,-187.423309,-71.873337,169.828873,180.344666,-8.313079,177.361542,0.000000,-8.313079,386.635681,-213.364334,-81.503212,-731.861145,-681.503235,-96.064690,170.293823,170.293823
839.841797,6213.454590,1742.484497,-9395.780273,477.587555,437.356903,-334.704987,19.602360,237.587555,-207.532776,-341.364288,209.757523,4057.938721,207.917862,-6888.403809,-270.242462,-91.363091,-658.879395,-439.496063,4948.419434,225.538849,225.435242,421.701782,160.642456,707.734314,524.289001,-1586.985718,-17.660606,162.163071,-306.423981,-145.973907,162.655136,288.983612,-4526.138672,190.250320,-1586.985718,-4526.138672,503.841492,-285.257141,-107.284462,-897.972717,-827.284485,-131.867020,3679.806152,3679.806152
869.451721,6911.534180,1782.136719,-10013.122070,374.041809,345.735748,-376.601654,346.275818,194.041824,-142.677505,-211.542999,176.390778,3004.654785,151.739868,-5101.464844,-183.609222,-146.106598,-549.821411,-409.150146,5841.252930,211.130859,413.228271,391.977051,150.329727,230.565918,289.363281,-210.425125,-43.171169,138.607300,-225.201599,-167.759094,141.529388,194.821487,-1227.012695,180.170303,-210.425125,-1227.012695,353.998077,-186.001923,-71.372589,-654.629333,-611.372559,-96.956451,2478.241455,2478.241455
1094.633545,8870.573242,2255.311035,-12870.517578,487.324799,440.412415,-458.465668,365.362000,227.324799,-193.092331,-442.289063,237.771805,1925.242310,174.021301,-4867.009277,-282.228180,-134.157379,-668.070801,-526.951782,7430.587402,263.034180,463.907806,488.986053,193.951569,-290.261719,469.531647,-0.000215,258.211334,284.480225,-238.234695,-86.776756,237.244110,230.067184,-0.000160,245.310669,0.000000,0.000000,523.118591,-256.881409,-99.192932,-937.688477,-879.192932,-127.205605,-0.000157,0.000000
885.668030,7024.222168,1812.076294,-10221.965820,401.158417,367.998810,-387.981323,304.492126,201.158401,-164.750946,-341.252655,175.422272,2336.273193,138.038513,-4666.903320,-224.577728,-109.047356,-515.530396,-411.934631,5900.626465,211.661041,389.412231,385.328888,149.353836,-82.831177,319.672882,-42.937325,116.798416,182.027710,-205.421234,-106.452255,166.710419,191.697464,-776.038940,182.235153,-42.937325,-776.038940,475.160828,-252.418549,-94.103615,-758.314941,-694.103638,-97.112732,1113.363159,1113.363159
1107.594604,8928.357422,2277.598389,-12963.549805,485.269043,438.139038,-469.916504,394.102997,225.269043,-194.640472,-443.690674,237.093155,1990.550293,169.392212,-4929.937012,-282.906830,-135.466522,-667.440308,-528.647644,7486.320313,263.389557,488.920746,481.607483,187.153564,-389.744904,399.218079,-0.000102,242.550919,264.563995,-235.675903,-92.122879,219.741913,226.448288,-0.000102,229.322464,0.000000,0.000000,521.739258,-258.260773,-99.651031,-938.609741,-879.651062,-126.818863,-0.000231,0.000000
829.288025,6739.674316,1677.708862,-9596.670898,370.537476,275.571869,-387.443726,430.622406,-124.757393,-127.623283,-400.831177,128.821259,-2424.035889,81.819450,805.040771,-151.178741,-111.223030,-319.955719,-342.683044,5864.350098,182.640778,479.945496,320.018188,140.301422,-811.331787,-101.503952,1473.403564,285.933655,262.223083,-80.748528,-30.311926,198.813553,77.818848,5442.328125,200.165878,1473.403564,5442.328125,259.268951,-160.731049,-60.755131,-519.975952,-480.755127,-48.539978,-4534.355469,-4534.355469
893.023376,7038.810059,1786.629883,-10168.462891,308.922882,273.635895,-441.163055,298.238190,128.922867,-140.860947,-352.251862,166.174118,262.034271,116.067375,-2309.465088,-193.825882,-109.986214,-443.839661,-389.803741,6000.291016,198.715179,411.442871,346.287567,137.736374,-524.518555,203.401443,580.798218,215.254959,213.866486,-142.209671,-56.537933,170.069946,136.460953,1988.133057,174.925751,580.798218,1988.133057,355.671570,-184.328430,-70.820587,-653.507874,-610.820557,-80.182480,-1493.857544,-1493.857544
837.778809,6272.434570,1742.355835,-9452.569336,475.734711,435.291565,-327.851746,14.604267,235.734726,-202.261246,-307.382813,251.646667,4193.833984,212.813950,-7039.885254,-228.353333,81.073189,-789.426514,-518.681091,4926.993652,226.760040,220.391724,431.151642,162.960709,750.665405,536.628601,-1652.298096,-49.977123,153.327087,-313.413513,-160.590439,156.840790,292.921539,-4878.294922,190.242783,-1652.298096,-4878.294922,460.670319,-259.329681,-98.881508,-880.448181,-818.881531,-169.641327,3933.766602,3933.766602
921.778931,7507.116211,1896.305664,-10875.201172,413.690369,374.137787,-389.983612,303.934357,193.690369,-162.176193,-373.707092,229.694260,1563.489014,139.565598,-4071.213623,-305.506165,-132.710526,-612.795654,-457.884979,6279.415527,219.815445,389.990021,409.646210,156.685898,-216.543213,360.467468,0.000011,205.666916,217.571762,-194.363434,-78.767784,178.363739,186.217270,-0.000165,186.911163,0.000000,0.000000,443.711456,-216.288559,-83.575928,-792.712646,-743.575928,-114.825539,0.000117,0.000000
779.103455,6171.090820,1597.371826,-8897.566406,294.126221,272.498505,-336.903717,409.382446,154.126221,-111.760780,-156.214767,114.094345,2432.082275,124.431015,-4047.768066,-165.905655,-85.954041,-359.951599,-336.980560,5299.173340,184.936752,444.107361,330.669739,135.690994,-430.412048,79.778229,854.123596,-14.738542,152.179886,-181.814468,-141.042526,152.549484,155.237442,-211.360260,179.801422,854.123596,-211.360260,274.600281,-145.399734,-55.753014,-509.646729,-475.753021,-65.762169,1358.014160,1358.014160
1007.585815,8185.002441,2072.597412,-11865.185547,451.738342,408.637054,-426.601898,333.812347,211.738342,-177.563507,-405.539551,219.408798,1797.989746,153.296524,-4504.780273,-260.591187,-123.839897,-616.751282,-486.403717,6858.059570,240.538895,427.509186,447.205963,171.280472,-231.180740,392.502350,0.000011,219.771881,236.311935,-214.142593,-87.894638,195.105652,204.949387,0.000026,204.799606,0.000000,0.000000,483.478424,-236.521561,-91.363396,-865.158142,-811.363403,-117.436180,-0.000117,0.000000
874.166077,7156.850098,1765.122559,-10246.138672,409.380188,385.509308,-412.547089,311.823639,229.380188,-182.756500,-484.044189,170.733521,-1468.081055,107.313087,-658.669067,-189.266479,-111.237236,-438.029236,-392.735046,6118.368652,195.746262,406.083130,358.758698,137.733582,-534.758240,214.804214,587.860840,251.990021,220.490875,-114.159927,-48.135986,161.599030,109.003319,3820.004883,165.372299,587.860840,3820.004883,314.052979,-225.947037,-84.302109,-681.644897,-624.302124,-78.502190,-3409.364502,-3409.364502
555.157654,4272.254883,1105.485596,-6232.897949,345.904755,253.519897,-280.223053,115.956039,-126.992386,-128.848541,-306.430847,107.778442,983.870239,77.763702,-2416.454102,-132.221558,-65.867523,-306.354034,-248.367813,3598.016846,125.870125,219.971024,219.575302,85.716187,-152.459610,188.386353,0.000002,105.534927,119.444527,-111.282356,-46.071686,100.652679,106.426506,0.000005,105.800247,0.000000,0.000000,201.806900,-158.193100,-58.597313,-459.595795,-418.597321,-57.499718,0.000019,0.000000
1027.271484,8236.970703,2097.227295,-11961.469727,485.776215,446.496155,-455.972992,310.972107,245.776215,-205.562988,-481.123779,218.865173,1791.452393,153.537918,-4551.929199,-261.134827,-124.971184,-616.163635,-487.878876,6906.849121,242.243164,426.977142,443.611542,170.665497,-251.841888,389.791138,-0.000116,220.849548,237.637238,-215.279877,-86.591057,196.258392,206.384079,-0.000203,205.647736,0.000000,0.000000,457.489380,-262.510620,-99.920311,-882.590332,-819.920288,-117.092323,-0.000098,0.000000
885.983215,7333.357910,1821.199219,-10540.540039,391.035889,356.719238,-376.827240,315.055298,191.035904,-141.970184,-318.425446,180.093857,1566.655640,122.052834,-3802.621826,-219.906143,-113.843628,-506.062531,-419.883514,6202.885742,210.588623,391.393402,402.000214,150.978317,-119.918633,326.367249,-0.000006,163.650589,188.572891,-174.863953,-99.380463,159.947845,160.925323,464.452271,174.133682,0.000000,464.452271,408.150787,-191.849197,-74.386024,-717.463196,-674.386047,-93.960129,0.000012,0.000000
919.283264,7464.764648,1890.931641,-10824.979492,413.328888,373.737732,-389.253632,301.470276,193.328873,-163.121948,-375.957855,201.524750,1570.864990,140.012512,-4094.356934,-238.475250,-112.687187,-565.788086,-444.785797,6250.581543,219.397293,387.988892,407.515778,156.173279,-220.760986,360.220154,0.000002,206.150864,217.995270,-195.186630,-77.328674,178.678665,187.348236,0.000050,186.932648,0.000000,0.000000,446.146423,-213.853592,-68.037926,-805.815674,-773.017212,-107.901398,-0.000007,0.000000
746.189880,6070.391113,1560.410156,-8976.991211,418.181152,371.709198,-279.233917,-4.466571,178.181168,-184.194519,-463.446533,238.802765,-266.545990,170.283020,-2489.202881,-241.197235,-80.308685,-640.888550,-430.986115,4852.082031,187.322708,187.076431,355.142944,138.956924,-34.450668,458.063843,-841.003296,320.607513,256.954926,-195.561386,32.567856,173.884079,197.106720,0.000001,172.140244,-841.003296,0.000000,477.531433,-242.468582,-93.335846,-869.132751,-813.335815,-129.322571,-1942.005615,-2156.110107
1094.528442,8838.132813,2244.853271,-12827.514648,502.417114,457.143311,-472.269318,347.237366,242.417130,-204.920456,-475.444031,238.008835,1894.983521,166.388901,-4851.891602,-281.991150,-133.519119,-668.472046,-526.104675,7402.009766,260.018616,458.456299,479.820618,184.307083,-268.682007,424.375702,-0.000185,242.886246,257.971191,-231.683182,-90.897690,211.856018,222.548462,-0.000143,221.490005,0.000000,0.000000,512.410034,-267.589966,-102.737823,-944.852112,-882.737854,-127.414444,-0.000183,0.000000
837.886597,6273.610352,1742.572021,-9454.069336,475.799103,435.363312,-327.905609,14.629800,235.799103,-202.289017,-307.192261,252.496338,4196.480469,212.906097,-7043.528320,-227.503662,84.535011,-792.038635,-520.554810,4926.264648,226.790756,220.429840,431.244354,162.992249,751.104614,536.735046,-1652.780029,-50.470097,153.210480,-313.561768,-160.792526,156.790283,293.029388,-4886.401367,190.271957,-1652.780029,-4886.401367,460.643677,-259.356323,-98.890213,-880.466125,-818.890198,-170.508011,3937.652588,3937.652588
887.440002,7084.824219,1791.728394,-10263.992188,339.513733,299.972778,-419.051453,264.523132,139.513718,-155.157211,-401.787048,192.396454,-918.333618,133.450287,-1366.239624,-207.603546,-105.672600,-501.930939,-411.024811,5973.561523,200.237762,379.159332,353.994873,139.522720,-511.350952,275.565216,379.468201,269.026337,236.347717,-146.526291,-24.757746,173.760681,145.328781,2718.888184,174.803650,379.468201,2718.888184,396.430786,-203.569214,-78.279915,-725.289307,-678.279907,-94.647789,-2836.845703,-2836.845703
796.873840,6643.342285,1640.615723,-9430.832031,281.029907,257.843628,-335.412292,453.412598,141.029922,-99.521172,-271.921295,127.715744,-1039.747803,95.656715,-570.157593,-152.284256,-109.502129,-322.782135,-339.583771,5771.280273,182.478180,478.112793,334.958282,142.132370,-697.548462,-57.886368,1336.960205,209.818878,229.240189,-101.648827,-63.407200,190.531616,91.952911,3934.820557,195.982193,1336.960205,3934.820557,350.316010,-167.011749,-62.779133,-524.232605,-482.779144,-49.918362,-2798.276611,-2798.276611
861.941650,6780.983398,1779.708252,-10022.633789,433.622864,388.645569,-355.727478,155.400681,193.622879,-186.685303,-426.309448,224.987473,1891.827393,163.609009,-4631.845703,-255.012527,-96.537003,-638.475525,-449.830719,5518.461426,212.691086,283.257263,389.174133,151.549347,238.283600,445.337952,-844.963623,236.660583,232.732895,-225.073227,-38.713760,184.056580,223.171768,-1526.811035,186.323227,-844.963623,-1817.146362,475.263214,-244.736801,-94.085831,-870.651001,-814.085815,-126.706291,634.408020,634.408020
880.919189,7336.354980,1811.498291,-10528.772461,389.956543,355.518616,-373.714172,309.158203,189.956528,-140.176865,-324.042114,181.617493,1326.106201,119.429367,-3557.635986,-218.382507,-113.511246,-504.871246,-419.758911,6207.545410,209.050735,385.889526,401.793365,150.101288,-133.920502,328.968170,0.000123,176.858261,191.285233,-167.793854,-94.239990,158.321472,154.719711,728.772156,171.323822,0.000000,607.359497,409.694122,-190.305878,-73.870110,-716.435791,-673.870117,-93.752335,-0.000019,0.000000
891.300171,7327.124512,1822.427246,-10540.851563,410.978943,378.973907,-391.984833,293.332153,210.978943,-160.616806,-376.192596,181.009369,1392.583008,120.712051,-3663.526855,-218.990631,-113.482002,-505.508636,-419.575500,6197.781738,209.767227,383.892456,397.279846,149.270172,-149.737015,326.961578,-0.000064,174.857849,191.795349,-170.960007,-93.134163,159.664063,158.395935,605.483948,172.308838,0.000000,605.483948,391.394409,-208.605591,-79.940674,-728.664917,-679.940674,-93.906517,-0.000046,0.000000
863.326233,7128.092773,1775.646973,-10698.914063,384.298828,349.232391,-365.808319,295.603333,184.298843,-143.146835,-330.453522,182.311462,1365.435303,122.452660,-3606.214600,-217.688538,-109.264954,-508.423584,-413.829102,6008.963867,205.299881,372.925751,389.956268,146.956604,-160.193344,328.722382,-0.000005,180.915085,193.873337,-171.211304,-85.256111,159.835159,160.612503,467.065857,170.612534,0.000000,467.065857,407.131592,-192.868408,-74.726326,-718.142090,-674.726318,-95.435837,-0.000000,0.000000
504.274994,4095.089600,1038.786987,-5938.151367,225.422363,203.824036,-211.463516,166.492111,105.422363,-88.798225,-203.679977,109.769241,878.687805,85.837891,-2241.368652,-130.230759,-61.922874,-308.307892,-243.220734,3430.119873,121.748978,212.602722,228.552979,86.167816,-121.525505,200.619965,0.000055,132.259827,121.222221,-114.468658,-57.457493,91.873184,107.272339,0.000123,100.116814,0.000000,0.000000,241.724609,-118.275391,-45.686554,-432.588837,-405.686554,-58.702133,0.000123,0.000000
837.208740,7123.429199,1725.254517,-10135.892578,339.547607,307.301270,-350.202698,360.562561,159.547607,-118.782524,-329.296478,191.496353,-1361.688965,105.546112,-659.208191,-168.503647,-136.888626,-510.001343,-407.297577,6072.492676,193.638901,412.334961,372.219757,140.497162,-502.866119,223.005112,602.758484,243.093781,214.573700,-112.355934,-57.324066,158.319901,105.069519,3696.266357,163.604111,602.758484,3696.266357,374.927856,-165.072128,-64.401024,-640.671082,-604.401001,-89.591057,-3101.519043,-3101.519043
875.032959,6980.025879,1797.266479,-10152.325195,382.445099,347.175537,-374.088928,319.501251,182.445099,-153.029434,-315.714966,202.507690,2190.101563,136.882980,-4484.156738,-281.220062,-124.322144,-556.897888,-420.725220,5849.816895,209.483490,393.216217,381.393005,148.568314,-205.109070,309.504700,108.321854,135.207657,189.380234,-200.665237,-97.035713,169.791580,188.914383,-684.414063,182.755188,108.321854,-684.414063,398.365051,-201.634964,-77.640129,-723.994812,-677.640137,-103.596939,844.689697,844.689697
817.641418,6797.887695,1691.087891,-10072.129883,297.609497,261.344452,-333.455231,412.142670,117.609497,-115.092636,-423.892609,174.586746,-3186.973633,103.180206,1192.053345,-185.413254,-103.092926,-442.320313,-381.728363,5781.487793,184.671555,444.958221,325.567291,137.107178,-843.128174,98.533653,1151.695435,371.150696,288.416077,-99.809769,25.647158,188.493530,101.563583,5348.482910,187.449570,1151.695435,5348.482910,377.939209,-162.060776,-63.385201,-638.675598,-603.385193,-81.364548,-5563.561523,-5563.561523
900.421143,7063.368652,1849.552979,-10463.342773,503.607941,413.842804,-384.753601,107.723984,91.844162,-219.794357,-552.927490,256.617920,-305.829315,187.603775,-2719.777832,-263.382080,-95.837120,-687.544983,-478.297638,5719.690430,215.380539,280.035309,381.132599,153.631424,-368.992279,457.189087,-350.437500,353.357635,289.713898,-215.160538,35.484810,200.637131,216.830490,442.837006,198.828445,-350.437500,442.837006,498.408783,-281.591217,-107.334328,-954.256897,-887.334351,-137.539474,-2520.820557,-2520.820557
761.308289,6063.630371,1571.821289,-8996.759766,499.202515,461.518951,-314.338654,-125.074509,259.202515,-235.336243,-592.413269,238.863556,-377.233398,171.091614,-2480.537598,-241.136444,-80.171478,-640.964966,-430.816223,4845.269531,187.544815,171.599701,348.665955,137.216980,-47.626968,459.431091,-965.278931,323.558838,258.079071,-196.224747,37.125408,173.749786,198.186905,0.000001,171.523087,-965.278931,0.000000,427.520538,-292.479462,-109.600258,-902.879211,-829.600281,-129.355240,-2198.911621,-2198.911621
783.417603,6888.167969,1615.179077,-9636.764648,293.009247,271.245789,-326.638092,405.800690,153.009247,-60.428879,-250.033798,127.193291,-2062.630127,54.613781,216.242844,-152.806717,-114.721596,-318.085114,-347.994324,6009.245605,180.928253,437.483795,366.726807,134.330353,-550.326660,89.629280,953.981873,227.893936,192.253738,-56.345470,-77.854149,136.707336,27.278378,5077.052246,147.079300,953.981873,5077.052246,314.717712,-105.282295,-42.171890,-483.110413,-462.171906,-46.727261,-3633.138184,-3633.138184
1095.661133,8902.715820,2251.816162,-12900.193359,494.398193,448.245026,-466.534363,359.552216,234.398193,-194.634872,-449.645477,237.286545,1848.352051,163.769958,-4917.313477,-282.713440,-134.957779,-667.755676,-527.972229,7463.653809,261.089996,463.833649,485.688965,185.759186,-252.054276,425.440216,-0.000104,240.320389,256.332153,-230.872177,-95.939041,210.901581,220.726944,-0.000201,221.566864,0.000000,0.000000,546.923584,-233.076416,-142.702286,-1030.567505,-922.702271,-126.985519,-0.000141,0.000000
835.978760,6929.880859,1724.670410,-9940.530273,316.865997,282.316772,-346.998138,403.794098,136.865997,-126.340614,-363.045624,195.876907,-1742.874756,116.787712,-307.561432,-164.123093,-0.963235,-523.159851,-431.580811,5857.226074,191.074005,443.653046,343.797363,140.221893,-697.110046,142.622681,951.934509,282.968231,249.222366,-122.197121,-21.625820,183.578873,121.108643,3773.537109,184.354187,951.934509,3773.537109,368.569031,-171.430984,-66.535172,-644.895813,-606.535156,-109.661789,-3785.220947,-3785.220947
1094.461060,8942.326172,2251.473389,-12938.260742,490.561615,443.994720,-463.147797,363.052551,230.561630,-190.801224,-439.789825,273.513000,1836.495728,164.011261,-4799.673828,-246.487015,-182.061401,-782.686340,-558.008728,7473.623047,260.694000,464.565704,487.682251,186.077576,-248.632523,426.251007,-0.000210,241.752884,256.320679,-228.712585,-95.862160,210.338898,218.497757,-0.000346,221.011856,0.000000,0.000000,525.147400,-254.852600,-98.518349,-936.334229,-878.518372,-144.052704,-0.000104,0.000000
749.029541,6067.864746,1562.818237,-8979.712891,416.611206,369.993225,-285.647461,-47.695171,176.611191,-184.930771,-465.327698,238.824966,-271.391479,170.574570,-2486.075928,-241.175034,-80.258018,-640.916992,-430.923340,4849.562500,187.379074,184.812302,353.737000,138.621490,-48.055565,457.970886,-872.798218,321.205505,257.276581,-195.800186,33.591633,173.988632,197.434692,-0.000126,172.142395,-872.798218,0.000000,476.862915,-243.137085,-93.557022,-869.580078,-813.557007,-129.334686,-1963.256836,-1963.256836
532.648315,4343.384277,1104.496704,-6280.529297,230.394760,209.334686,-213.183197,186.102081,110.394760,-87.600914,-195.451569,107.604591,988.268005,137.536865,-2398.228516,-132.395416,-67.119209,-305.276184,-250.119324,3657.303711,135.961197,226.896820,268.942139,95.474579,-119.870300,232.869019,0.000002,234.855591,138.090302,-163.322937,-141.622696,36.809395,133.476074,0.000123,96.756714,0.000000,0.000000,242.781921,-117.218071,-45.334805,-431.883270,-405.334808,-56.999886,0.000255,0.000000
830.282104,6348.889160,1729.005737,-9508.176758,475.148315,434.638123,-321.617706,2.113377,235.148331,-202.936310,-307.299622,209.476181,4217.678223,214.174774,-7024.243164,-270.523804,-87.717552,-662.806274,-434.534912,4724.457031,223.244965,215.582443,429.463196,162.342422,749.737122,536.812805,-1668.854126,-48.578896,153.978317,-314.141663,-157.564438,157.301987,294.420807,-4904.337402,189.564499,-1668.854126,-4904.337402,460.022369,-259.977631,-99.093292,-880.884338,-819.093262,-133.182648,3954.716309,3954.716309
834.621155,6122.975586,1682.504395,-8990.100586,353.831543,340.034424,-397.243469,397.998688,213.831528,-168.517761,-235.729843,93.924690,3665.749756,162.041214,-5415.278809,-186.075302,-107.056404,-359.018890,-326.881287,5247.115234,198.979080,459.609222,334.009003,141.642731,-280.488617,102.090324,686.006165,-163.731201,112.219391,-239.800781,-190.762741,148.873535,202.948654,-1730.107300,195.174011,686.006165,-1730.107300,214.954605,-205.045395,-74.765930,-550.279480,-494.765930,-60.175110,2851.043213,2851.043213
514.945923,4088.257568,1046.810791,-5950.014160,218.377426,196.046463,-234.298492,144.807022,98.377419,-92.076073,-212.284943,109.769028,884.954773,77.672958,-2245.687988,-130.230972,-61.812737,-308.418243,-243.065170,3424.592041,120.600365,210.114243,218.018494,84.379562,-139.079132,194.000122,0.000060,113.357025,120.233513,-107.771942,-39.879295,98.681213,103.966026,0.000147,102.705589,0.000000,0.000000,238.784912,-121.215096,-46.661568,-434.553528,-406.661560,-58.747566,0.000025,0.000000
818.430542,6808.915039,1689.560425,-9766.906250,311.312531,276.243317,-338.198151,389.072815,131.312531,-120.810219,-384.880676,214.968842,-2390.500732,107.729065,340.239441,-291.152954,-132.318100,-518.834839,-399.467651,5772.916504,186.530975,428.972412,335.853394,136.536423,-721.003235,148.145782,940.902649,314.369049,257.886414,-111.514061,-5.076881,178.689072,111.434830,4378.521973,178.742325,940.902649,4378.521973,373.246735,-166.753250,-64.966660,-641.786621,-604.966675,-92.850456,-4518.640137,-4518.640137
867.081787,6718.708496,1789.145996,-9974.936523,437.896606,393.350647,-359.481567,155.316071,197.896622,-190.557724,-409.895386,261.302948,2444.444092,169.076874,-5233.681152,-218.697052,-152.643158,-768.849121,-485.926849,5417.084473,215.697052,285.390686,391.194946,153.078766,329.010345,450.425171,-938.728760,199.414948,221.506119,-241.539810,-55.293236,185.324875,238.066315,-2411.768311,189.665070,-938.728760,-2411.768311,471.700378,-248.299606,-95.261337,-873.038269,-815.261353,-146.716309,1342.638062,1342.638062
833.439636,6861.704590,1720.658813,-9865.802734,309.348236,274.099762,-344.242096,414.233704,129.348251,-124.579941,-382.044800,172.710144,-2198.518555,114.717644,176.583542,-187.289856,-104.791183,-442.498657,-383.754822,5837.853027,190.096878,450.634216,335.695313,140.087112,-759.361816,116.884933,1057.344727,309.912354,264.094391,-119.299637,-5.507137,189.436768,119.211739,4352.390137,189.496796,1057.344727,4289.992188,370.072754,-169.927246,-66.031799,-643.895447,-606.031799,-81.036377,-4363.931641,-4363.931641
503.887238,4106.380859,1036.611572,-5946.879395,225.998215,204.461365,-213.179642,166.607315,105.998222,-88.280022,-203.443710,109.951309,850.650452,76.008240,-2202.706787,-130.048691,-62.120228,-307.928467,-243.541000,3442.651855,120.187889,213.495865,224.272980,85.663017,-116.608467,196.711411,0.000143,112.068802,118.529152,-105.563988,-43.518581,97.159607,100.994522,0.000129,101.936813,0.000000,0.000000,242.183319,-117.816681,-45.534019,-432.282654,-405.534027,-58.579231,0.000025,0.000000
501.738983,4057.827637,1030.453857,-5890.020508,223.693253,201.911728,-214.619614,160.734009,103.693253,-89.456337,-206.078339,110.076851,863.841614,76.939537,-2219.174805,-129.923157,-61.157406,-308.765747,-242.210770,3396.161621,119.455406,210.273224,220.751358,84.809692,-125.152496,196.159409,0.000321,113.237968,119.372391,-106.649429,-40.880085,97.707024,102.624809,0.000321,101.951492,0.000000,0.000000,241.139664,-118.860336,-45.880909,-432.979431,-405.880920,-58.946629,0.000117,0.000000
881.135620,7338.846680,1811.939697,-10531.921875,390.021271,355.590729,-373.810883,309.334503,190.021286,-140.142410,-323.969116,181.609283,1325.606567,119.396370,-3557.031250,-218.390717,-113.562218,-504.828491,-419.830414,6209.919434,209.096909,386.055054,401.932373,150.141449,-133.555573,328.945038,-0.000002,176.818619,191.263168,-167.755646,-94.339996,158.310638,154.650436,583.457825,171.339722,0.000000,583.457825,409.723511,-190.276474,-73.860260,-716.416199,-673.860291,-93.731796,0.000027,0.000000
518.297852,4225.024902,1065.483521,-6108.806152,230.209229,209.128769,-220.325424,179.285294,110.209221,-88.090981,-194.921280,108.262901,1026.878296,76.432114,-2377.313965,-131.737091,-64.847084,-306.890015,-247.023682,3554.324219,123.676826,225.460205,231.489853,88.208061,-90.356728,195.101913,0.000280,98.221909,114.572731,-109.422653,-53.522568,97.599243,102.873947,0.000091,104.518059,0.000000,0.000000,242.350250,-117.649757,-45.478485,-432.171265,-405.478485,-57.823410,228.805588,0.000000
838.867554,6223.108887,1742.213989,-9404.190430,474.497375,433.912842,-331.786194,22.243574,234.497360,-203.468735,-324.617249,208.928345,4076.864258,208.413498,-6972.241211,-271.071655,-91.776314,-659.295349,-439.872040,4957.072754,226.164139,223.778503,425.189301,161.460007,722.461975,528.591309,-1605.031128,-27.767828,159.334442,-308.579315,-151.262207,160.487198,290.035828,-4604.982910,190.127060,-1605.031128,-4604.982910,476.496185,-243.503815,-129.117035,-945.449219,-849.117065,-131.904266,3743.142334,3743.142334
937.803650,7625.516113,1935.336548,-11048.656250,415.652924,376.310516,-388.438263,314.278442,195.652924,-162.183578,-369.557892,200.235336,1661.969482,182.547638,-4183.230957,-239.764664,-115.972549,-563.792114,-449.137787,6396.360352,230.017883,396.259064,438.830597,161.808609,-219.926453,380.463898,-0.000148,293.951782,228.533447,-232.875641,-148.722900,149.441650,209.626831,-0.000020,179.752411,0.000000,0.000000,443.704895,-216.295090,-83.578102,-792.716980,-743.578125,-106.834755,-0.000017,0.000000
507.885284,4122.844727,1048.845093,-5979.575195,225.509354,203.920288,-209.355286,167.810944,105.509346,-88.846268,-203.406082,109.577919,888.234192,88.279793,-2253.256104,-130.422073,-62.445469,-307.976624,-243.915787,3453.520264,125.408607,212.498993,240.131180,86.859612,-124.192566,204.502136,0.000310,137.025864,123.609344,-116.758392,9.400757,92.663292,116.999138,0.000280,92.365608,0.000000,0.000000,241.681992,-118.318001,-45.700718,-432.617279,-405.700714,-58.529675,0.000011,0.000000
933.386292,7013.885254,1932.729614,-10530.000977,429.152954,376.710358,-377.474457,244.997452,169.152954,-213.485657,-525.069092,251.086914,979.546875,209.759430,-4009.460938,-268.913086,-96.483620,-692.429443,-477.962585,5657.431152,228.491226,345.674591,381.587280,177.993271,-571.460693,512.132568,-0.000003,377.634766,352.949188,-254.411469,50.883163,270.922516,257.229767,-994.621338,268.191467,0.000000,-994.621338,504.418060,-275.581940,-105.366714,-950.215210,-885.366699,-138.521042,-1497.566895,-1497.566895
1098.378540,8952.311523,2259.160400,-12959.850586,491.969696,445.554108,-465.310303,366.165070,231.969696,-190.040222,-438.253937,236.733215,1823.838013,162.123566,-4966.767578,-283.266785,-136.061584,-667.205200,-529.407715,7510.877441,262.026154,467.689667,489.424744,186.735718,-241.978760,425.833618,-0.000224,238.344574,255.260956,-230.552795,-99.369423,210.390350,219.697891,-0.000198,221.779358,0.000000,0.000000,525.817932,-254.182053,-98.295181,-935.886902,-878.295166,-126.653854,-0.000325,0.000000
803.606262,6734.150391,1651.104614,-9538.861328,284.640808,261.876770,-342.820313,459.909027,144.640808,-100.703178,-361.752594,129.362030,-2651.883301,75.859390,1007.416748,-150.637970,-111.009781,-319.628204,-342.483917,5860.638184,181.027939,485.882385,330.397186,142.004654,-821.880676,-103.235100,1520.907227,298.475647,265.569824,-71.647873,-31.135384,197.118286,68.252579,5660.000488,198.542328,1520.907227,5660.000488,448.973358,-218.541962,-78.922302,-559.619690,-498.922302,-48.525864,-4749.562012,-4749.562012
748.373047,6068.664551,1563.650513,-8980.688477,416.980469,370.396729,-282.070862,3.066707,176.980469,-184.756409,-464.887756,238.821030,-270.979614,170.779388,-2486.355957,-241.178970,-80.271156,-640.907837,-430.940002,4850.250488,187.474365,189.094849,353.705963,138.778870,-85.176208,456.201050,-983.356812,321.583099,257.821960,-196.000366,33.830887,174.531952,197.654968,0.000001,172.666183,-983.356812,0.000000,477.021393,-242.978622,-93.504601,-869.473999,-813.504578,-129.331161,-2000.448608,-2000.448608
852.181091,7110.413086,1753.685669,-10166.279297,343.487366,311.666901,-359.779022,376.805878,163.487350,-124.284561,-310.884888,166.173386,221.936600,110.538025,-2232.608887,-193.826614,-111.456047,-442.370575,-391.966797,6070.270020,198.176178,428.351318,372.167755,143.387589,-487.734253,211.687119,631.204285,205.406601,206.499405,-135.967651,-73.307869,165.220154,126.169670,2153.663818,173.205719,631.204285,2153.663818,370.323700,-169.676285,-65.947716,-643.728577,-605.947693,-79.489250,-1694.269165,-1694.269165
840.924500,6758.715332,1715.473999,-9765.114258,285.271912,248.051758,-374.961304,385.681122,105.271912,-128.479492,-424.921143,173.881744,-2806.615967,112.627304,778.351807,-186.118256,-102.451370,-443.666870,-380.633789,5741.466309,186.615036,441.210297,313.433411,135.868988,-828.349243,96.461166,1108.779541,351.789368,283.313324,-114.149849,25.867834,192.698685,115.741570,4864.442383,191.657852,1108.779541,4864.442383,366.724304,-173.275696,-67.151588,-646.124084,-607.151611,-81.817581,-5144.989258,-5144.989258
883.921875,6980.278809,1814.487305,-10178.687500,386.983673,352.214111,-379.280365,324.004456,186.983673,-156.372620,-299.748230,174.200958,2568.458496,144.301666,-4848.015137,-225.799042,-108.513191,-517.285828,-410.894073,5856.379883,213.004898,398.721313,385.831329,150.654297,-102.601074,313.873718,-14.670548,98.485672,180.298172,-214.090637,-112.270683,169.148651,199.459625,-1020.090759,186.025177,-14.670548,-1020.090759,395.318634,-204.681351,-78.647278,-726.034058,-678.647278,-97.619118,1387.325439,1387.325439
877.281616,6948.612793,1801.228760,-10238.686523,385.873352,350.980743,-375.931946,316.359467,185.873352,-155.374176,-304.004333,175.177536,2468.547119,141.952927,-4744.818848,-224.822464,-107.655212,-517.167236,-409.898163,5827.445801,211.268661,391.880890,383.901825,149.514084,-94.629799,317.076355,-14.206215,108.409683,181.434525,-210.091141,-107.664993,168.118744,196.350800,-938.739502,183.856293,-14.206215,-938.739502,396.232635,-203.767365,-78.345398,-725.421997,-678.345398,-97.757065,1280.068726,1280.068726
526.961243,4383.091797,1083.659546,-6293.712402,233.461533,212.741470,-223.512192,184.270432,113.461533,-84.375374,-195.007004,109.033066,799.216003,71.928665,-2138.967773,-130.966934,-67.723671,-303.243256,-251.318512,3706.682617,125.090668,230.359558,240.010620,89.777138,-82.726921,197.356750,0.000119,106.476555,115.005234,-100.983498,-55.743488,95.132210,93.370865,0.000255,102.728668,0.000000,0.000000,245.585388,-114.414619,-44.399353,-430.015259,-404.399353,-56.405155,0.000117,0.000000
837.557312,6213.451660,1739.411255,-9390.419922,469.405365,428.243744,-331.386108,31.294313,229.405365,-202.089264,-321.096832,210.011063,4061.789551,208.098434,-6861.152832,-269.988922,-91.285889,-658.703064,-439.447357,4948.682129,225.322006,224.740585,422.515564,160.769028,710.508606,525.212769,-1579.686523,-18.110451,161.746124,-305.989960,-146.284805,162.262741,288.456604,-4497.458984,190.009369,-1579.686523,-4497.458984,460.835205,-259.164795,-98.827599,-880.337219,-818.827576,-131.838531,3663.119141,3663.119141
876.838684,7078.576660,1801.090210,-10256.505859,387.682343,352.990448,-374.706390,310.872314,187.682343,-150.272736,-309.901184,214.530731,2152.659424,133.618637,-4450.234863,-185.469269,-156.958466,-632.953369,-442.636536,5926.038574,209.901382,387.528046,389.361084,149.494736,-71.705986,323.160583,-53.054203,129.890518,183.257813,-197.417587,-103.640953,164.567688,183.897690,-652.786682,179.519196,-53.054203,-652.786682,400.846710,-199.153305,-76.817650,-722.335632,-676.817627,-114.321945,957.903870,957.903870
831.687256,6904.043457,1712.365845,-9898.096680,335.643707,302.982361,-349.962158,363.023346,155.643692,-127.677284,-321.115143,168.694031,-166.822617,115.297585,-1857.427856,-191.305969,-106.678253,-444.627716,-385.558105,5875.236328,193.248917,414.060364,358.784546,139.558716,-503.747253,212.199814,618.631165,216.933945,211.050766,-134.727310,-58.960724,165.919571,128.198380,2329.135254,171.271118,618.631165,2329.135254,367.418488,-172.581528,-66.919769,-645.661743,-606.919739,-81.120148,-1869.669800,-1869.669800
1101.977539,8923.563477,2272.372559,-12947.913086,487.748260,440.880890,-458.885193,372.233521,227.748276,-193.234879,-441.127808,237.272537,1961.396851,178.499237,-4907.411621,-282.727478,-135.275574,-667.451904,-528.418457,7479.361328,265.783569,468.777527,494.692566,200.017273,-304.481628,495.492920,-0.000213,265.820679,299.966919,-242.723038,-85.451065,252.494019,234.917542,-0.000102,259.942596,0.000000,0.000000,522.991882,-257.008118,-99.235046,-937.773071,-879.235046,-126.857140,-0.000194,0.000000
517.806580,4214.646484,1070.178467,-6102.631836,227.835892,206.496750,-212.264526,175.738480,107.835892,-88.185371,-199.748917,108.740929,930.617126,111.273125,-2316.549561,-131.259064,-64.411667,-306.847412,-246.513565,3539.505371,128.627731,219.276520,248.426987,90.210426,-119.132347,214.147079,0.000118,183.684418,128.051163,-137.997559,-100.444443,70.768784,120.212265,0.000129,96.822548,0.000000,0.000000,242.266922,-117.733070,-45.506207,-432.226868,-405.506195,-57.898109,0.000000,0.000000
798.315125,6732.439941,1657.864502,-9538.619141,253.781128,227.628113,-315.932037,492.837891,113.781128,-73.730461,-310.788422,129.557693,-2594.393799,88.421913,1068.611816,-150.442307,-110.879532,-319.562775,-342.325226,5856.820313,183.294067,503.304474,335.544556,153.083420,-859.720337,77.407623,1428.455078,306.965851,291.236053,-84.940727,-25.305897,225.634399,82.965729,5689.408691,226.498444,1428.455078,5689.408691,305.928131,-114.071877,-45.217182,-488.854706,-465.217194,-48.554321,-4713.104492,-4713.104492
854.350647,6942.893066,1749.563599,-9996.807617,361.333130,331.523224,-372.204987,353.699249,181.333145,-138.308487,-315.899841,158.274521,1400.141846,111.204681,-3741.731201,-201.725479,-110.151985,-451.573517,-388.171265,5904.644043,200.078125,416.641174,367.790741,142.926758,-381.383392,232.525909,469.197876,151.514099,187.087250,-165.106934,-94.498581,162.324295,151.765503,412.485992,175.135788,469.197876,412.485992,427.064697,-112.935310,-163.488846,-870.312805,-703.488831,-81.980721,-85.742714,-85.742714
831.359009,7108.369141,1715.484863,-10105.212891,330.381226,297.172089,-344.602417,368.408112,150.381226,-109.966454,-364.498108,171.761978,-2415.481689,92.202965,443.568115,-188.238022,-110.064270,-438.173767,-391.250549,6076.052246,191.066467,415.880890,366.312561,138.689026,-609.066467,201.282471,707.000793,297.107605,237.431427,-94.725395,-36.140224,160.176178,91.182083,4916.725098,162.420898,707.000793,4916.725098,382.017883,-157.982117,-62.003887,-635.978210,-602.003906,-78.813728,-4373.585449,-4373.585449
999.039063,8105.569824,2055.391113,-11906.666992,449.147614,405.770630,-422.474915,326.595764,209.147629,-178.042145,-410.093292,220.255234,1720.686035,153.636398,-4429.565918,-259.744751,-122.097992,-617.646790,-484.139099,6782.900391,238.530304,420.697937,442.442200,169.776093,-245.690292,392.983948,-0.000165,226.433716,238.468704,-212.927261,-82.105530,195.102905,204.801361,-0.000161,203.668350,0.000000,0.000000,483.053680,-236.946320,-91.504570,-865.441772,-811.504578,-117.958885,-0.000069,0.000000
923.918640,7538.019531,1900.683960,-10912.622070,414.382751,374.904144,-390.920837,305.552551,194.382751,-161.816605,-372.925842,225.148438,1558.868164,139.208191,-4061.011963,-214.851563,-145.291626,-642.181946,-466.230743,6301.608398,220.180359,391.523804,411.172394,157.066986,-213.513123,360.589417,-0.000036,205.185638,217.243423,-193.870148,-79.896500,178.160477,185.483429,0.000152,186.939697,0.000000,0.000000,444.029358,-215.970642,-83.470192,-792.500488,-743.470215,-119.060883,-0.000002,0.000000
856.611206,7177.953125,1764.853882,-10299.417969,361.189697,323.692352,-358.845551,330.574707,161.189697,-141.011414,-407.826355,193.613251,-2001.581665,119.784241,-474.433807,-206.386749,-107.235504,-499.151245,-413.532898,6066.627441,197.792801,394.192047,369.618378,142.197876,-565.938721,268.234161,522.471375,303.794525,247.665710,-125.959190,-21.021593,170.559570,124.953110,3748.427490,171.342697,522.471375,3748.427490,433.719818,-166.280197,38.845833,-805.126038,-816.480591,-93.702606,-4026.807129,-4026.807129
936.810730,7616.742188,1933.033813,-11036.586914,415.475616,376.114166,-388.378571,313.599487,195.475616,-162.228638,-369.846619,200.310822,1658.162720,180.678360,-4177.715332,-239.689178,-115.789848,-563.899353,-448.896057,6388.332520,229.513794,395.768433,437.375275,161.511536,-220.102066,379.469910,-0.000016,290.182495,228.031433,-231.142883,-145.576859,150.994049,208.680832,-0.000059,179.993042,0.000000,0.000000,443.665039,-216.334961,-83.591362,-792.743591,-743.591370,-106.893806,0.000001,0.000000
971.420105,7560.028809,1952.972046,-11034.420898,389.085052,347.031036,-468.715973,229.598801,169.085052,-174.333481,-402.261139,200.581100,1667.491089,143.973083,-4173.667969,-239.418900,-114.725296,-564.693604,-447.450165,6339.046875,223.531815,386.043762,394.265686,153.946701,-284.797211,350.439636,-0.000039,208.048264,222.384537,-199.983658,-71.135338,183.140350,193.426620,0.000111,190.088776,0.000000,0.000000,432.710693,-227.289307,-87.217873,-800.071411,-747.217896,-107.275131,0.000011,0.000000
842.963135,6237.023438,1752.487427,-9432.473633,478.299408,438.150665,-330.832367,17.345381,238.299423,-204.258072,-298.041962,207.146133,4342.361328,218.095276,-7153.110840,-272.853851,-92.517220,-660.336670,-440.482117,4966.991211,229.550247,222.625809,434.680420,164.348892,769.950745,540.998535,-1670.978027,-72.833435,147.731796,-319.898132,-169.778519,154.938492,297.530151,-4795.919922,191.982300,-1670.978027,-4795.919922,458.750122,-261.249878,-99.508865,-881.741028,-819.508850,-132.035110,3829.938721,3829.938721
884.805725,7154.851563,1793.609009,-10333.266602,431.372559,401.855103,-408.946106,260.524170,231.372543,-192.398712,-482.682037,188.169312,127.482117,125.606018,-2473.532471,-211.830688,-108.197685,-503.632996,-413.653625,6038.282715,202.915161,371.473663,370.947357,142.241898,-379.855835,303.587982,208.265686,234.767288,217.599854,-153.486801,-52.280128,166.140244,148.847656,1664.238647,170.430038,208.265686,1664.238647,360.123749,-239.876236,-90.097931,-749.778320,-690.097900,-94.544075,-1687.422852,-1687.422852
915.785889,7430.105957,1884.108643,-10780.000000,411.718658,371.956421,-387.268707,299.379486,191.718658,-163.205292,-375.918823,201.900635,1577.295654,140.833374,-4060.435791,-238.099365,-111.923164,-566.176208,-443.794189,6217.659180,218.652786,385.639801,405.572052,155.628098,-225.216125,360.235260,-0.000162,207.564224,218.596313,-195.183319,-75.263420,178.844330,187.734573,0.000057,186.695999,0.000000,0.000000,442.799194,-217.200790,-83.879189,-793.321594,-743.879211,-108.128975,0.000006,0.000000
792.334839,6749.796875,1641.905396,-9534.037109,259.474854,233.905716,-318.657562,477.611816,119.474861,-68.910774,-306.966766,129.684433,-2644.836182,75.504326,1139.994873,-150.315567,-111.255966,-319.059601,-342.975464,5875.838379,180.983292,491.812408,337.715363,143.720062,-821.387207,-104.755379,1545.566772,297.530151,265.167023,-69.232956,-34.791370,197.058807,64.902199,5814.357910,198.809464,1545.566772,5814.357910,309.258148,-110.741867,-44.068562,-486.673309,-464.068573,-48.280510,-4685.887207,-4933.490234
1096.188965,8904.602539,2259.064941,-12909.856445,489.057983,442.330170,-458.362854,363.163666,229.057983,-192.228699,-440.268280,237.561630,1917.633911,192.806671,-4876.345703,-282.438354,-134.827271,-667.611084,-527.850403,7461.107422,265.644440,462.371338,500.630127,187.700623,-262.418549,437.953613,-0.000144,300.693817,264.253479,-254.176453,-136.504135,194.324677,235.997192,-0.000220,215.767624,0.000000,0.000000,523.885132,-256.114868,-98.938179,-937.176697,-878.938171,-126.976852,-0.000146,0.000000
1082.292358,8781.033203,2226.673584,-12740.000000,486.576599,439.584839,-457.681152,353.812012,226.576599,-192.878983,-444.267731,238.609848,1864.076294,166.439438,-4798.696289,-281.390167,-132.272812,-669.117310,-524.484009,7348.141602,258.407837,455.756042,479.312378,183.924103,-266.164368,425.732635,-0.000206,245.303207,258.341095,-230.671188,-88.947647,211.361481,221.868134,-0.000160,220.640701,0.000000,0.000000,523.308167,-256.691833,-99.129951,-937.561890,-879.129944,-127.788788,-0.000193,0.000000
